{"PPO Batch Consumption Time":0.44692103068033856,"_runtime":55.042424,"Timestep Consumption Time":2.2730060000000094,"x_vel":1.9428246445001371,"z_vel":18.004558326613758,"y_vel":410.4774981277049,"Total Iteration Time":4.9368979000000195,"Policy Entropy":0.9121850530306498,"Cumulative Model Updates":30,"Value Function Update Magnitude":0.2955965995788574,"Value Function Loss":2.277583678563436,"SB3 Clip Fraction":0.03637333276371161,"Cumulative Timesteps":550178,"Timesteps Collected":50004,"Timestep Collection Time":2.66389190000001,"_wandb":{"runtime":93},"Mean KL Divergence":0.003939830465242267,"_timestamp":1.734299800256366e+09,"_step":21,"Overall Steps per Second":10128.627533496247,"Policy Reward":0.011478315493897747,"Policy Update Magnitude":0.17896044254302979,"Collected Steps per Second":18771.031962670786}